10,51,2.28e-06
20,182,5.42e-06
30,423,1.058e-05
40,849,1.904e-05
50,1315,2.642e-05
60,1479,2.448e-05
70,2350,3.506e-05
80,2964,4.732e-05
90,3825,6.842e-05
100,4304,6.03e-05
110,4606,6.11e-05
120,6141,9.762e-05
130,6866,9.922e-05
140,8786,0.00012684
150,12147,0.00016524
160,12547,0.00014964
170,12437,0.00014672
180,13946,0.00014946
190,14063,0.00015384
200,18560,0.000192
210,22911,0.00023986
220,25163,0.0002813
230,20635,0.0002272
240,21292,0.0002249
250,29390,0.00030226
260,34138,0.00035918
270,32113,0.00033714
280,38634,0.00042486
290,33367,0.0003475
300,40812,0.00041844
310,40864,0.00042562
320,48256,0.00048642
330,46563,0.0004855
340,51408,0.00053214
350,47530,0.00050858
360,64332,0.00066216
370,65068,0.0006786
380,65747,0.00068004
390,75566,0.00078318
400,81584,0.00083944
410,77342,0.00078164
420,83428,0.00084008
430,74871,0.0007836
440,87489,0.00088832
450,89190,0.0009084
460,101209,0.00105648
470,81037,0.00084776
480,107155,0.00116112
490,117874,0.00129512
500,109710,0.00123088
510,115311,0.00123996
520,134794,0.00136944
530,128980,0.00131972
540,124351,0.00129166
550,137357,0.0013968
560,158513,0.00194656
570,139775,0.00159298
580,162678,0.0018441
590,148668,0.00157884
600,141792,0.00151794
610,159246,0.00171006
620,209758,0.00223792
630,201184,0.00215498
640,183052,0.00190142
650,188448,0.00192166
660,196534,0.00208158
670,204162,0.0021464
680,210473,0.00215288
690,233578,0.0024198
700,225596,0.0023478
710,225481,0.00237186
720,222883,0.00237044
730,242403,0.00250968
740,238783,0.00245894
750,273600,0.00279122
760,256606,0.00263414
770,236898,0.0024266
780,237868,0.00245138
790,259183,0.00272974
800,348608,0.00367946
810,274703,0.00284814
820,336413,0.00344112
830,322172,0.0033409
840,356227,0.00372656
850,349690,0.00357388
860,342469,0.00358824
870,377458,0.00394814
880,399467,0.00427092
890,355590,0.00378722
900,342612,0.0035945
910,373573,0.0039632
920,344153,0.00361566
930,369637,0.0038697
940,413712,0.00432444
950,439147,0.00469406
960,445881,0.00502078
970,451864,0.00469412
980,447762,0.00512318
990,464369,0.0050575
1000,444740,0.00462692
1010,426341,0.00455638
1020,496638,0.00561218
1030,439253,0.00460204
1040,445432,0.00466546
1050,512211,0.00537082
1060,502715,0.00524318
1070,481928,0.00501602
1080,520581,0.00543428
1090,472057,0.00497684
1100,557546,0.0058121
1110,528138,0.0055633
1120,580137,0.00605632
1130,650518,0.00686364
1140,518745,0.0054872
1150,557934,0.00598264
1160,615820,0.00645486
1170,720907,0.00753422
1180,598826,0.00626084
1190,686344,0.00736032
1200,714312,0.00754688
1210,677938,0.0071823
1220,681565,0.00759784
1230,730029,0.00764084
1240,708709,0.00741522
1250,679000,0.00716956
1260,716133,0.0075321
1270,566877,0.00597044
1280,817561,0.00865132
1290,766311,0.0081502
1300,726960,0.00763572
1310,700666,0.00742098
1320,781202,0.00827792
1330,683221,0.00736768
1340,851275,0.00901514
1350,812484,0.0085834
1360,767992,0.00809554
1370,896528,0.00946438
1380,967214,0.0102028
1390,909115,0.00957738
1400,923972,0.00975996
1410,1023208,0.0108361
1420,936830,0.00989582
1430,1104074,0.0116945
1440,793296,0.00840736
1450,897115,0.00949726
1460,898513,0.00949584
1470,901609,0.00955884
1480,1054944,0.0111831
1490,967635,0.0102383
1500,995070,0.0105653
1510,1080525,0.0114554
1520,1131700,0.0120532
1530,1112922,0.0118146
1540,970138,0.0103277
1550,1059146,0.0112428
1560,1058553,0.0127838
1570,1264886,0.0133942
1580,1011389,0.0109813
1590,1106926,0.0117578
1600,1131040,0.0120188
1610,1223503,0.0130226
1620,1508317,0.0159415
1630,1201179,0.0128227
1640,1258732,0.0133639
1650,1252317,0.0133706
1660,1322986,0.0140873
1670,1196555,0.0126738
1680,1141896,0.0121932
1690,1202705,0.0129114
1700,1248684,0.0132923
1710,1095939,0.0116475
1720,1327255,0.0141353
1730,1412994,0.0150302
1740,1373451,0.0151324
1750,1690115,0.0196742
1760,1466784,0.0156186
1770,1370192,0.0146201
1780,1479642,0.0158139
1790,1397202,0.0148908
1800,1191348,0.0127997
1810,1578573,0.0168393
1820,1523813,0.0163013
1830,1217682,0.013025
1840,1646800,0.0175341
1850,1546452,0.0164928
1860,1723252,0.018356
1870,1648554,0.0175757
1880,1746482,0.0187499
1890,1578830,0.016893
1900,1669720,0.0178611
1910,1730880,0.0185915
1920,1477939,0.0157952
1930,1637334,0.0176563
1940,1566162,0.0168001
1950,1706601,0.0182298
1960,1789597,0.01917
1970,1701567,0.0182823
1980,1697652,0.0181766
1990,1769388,0.0190294
2000,1852640,0.0201156
2010,2022823,0.0219283
2020,1848017,0.0197383
2030,1839667,0.0197825
2040,2008992,0.0214404
2050,2075789,0.0222064
2060,1753801,0.0188159
2070,1892476,0.0203138
2080,2006659,0.0215856
2090,1806805,0.0194029
2100,1978200,0.0211944
2110,2108523,0.022656
2120,2254747,0.0241886
2130,1844835,0.019756
2140,2053800,0.0220667
2150,1989051,0.0214233
2160,2241820,0.0251099
2170,2258492,0.0243031
2180,1885612,0.0204063
2190,2154522,0.0231376
2200,2030952,0.0218203
2210,1818476,0.0195871
2220,2276698,0.0244586
2230,2549157,0.0276106
2240,2628953,0.0281687
2250,2257695,0.0243496
2260,2609215,0.0306743
2270,2678509,0.0287082
2280,2282553,0.0265886
2290,2250062,0.024798
2300,2509300,0.0270361
2310,2315821,0.0248726
2320,2419992,0.026302
2330,2056225,0.023591
2340,2437952,0.0265968
2350,2663443,0.0286013
2360,2943864,0.031681
2370,2651082,0.02886
2380,2902029,0.0311933
2390,2375994,0.0256838
2400,2805168,0.0302489
2410,2670472,0.0305509
2420,2589884,0.0278524
2430,2651275,0.0285329
2440,3106656,0.033457
2450,2556428,0.0293655
2460,2734880,0.0296023
2470,2587819,0.0279101
2480,2902889,0.0316225
2490,2960958,0.0338412
2500,2962000,0.0319127
2510,3022793,0.032572
2520,3061699,0.0334469
2530,3006803,0.0323706
2540,3154273,0.035623
2550,2894658,0.0312397
2560,2485760,0.0278352
2570,3029207,0.0326904
2580,3339448,0.0359459
2590,2889922,0.0315053
2600,3158480,0.0341553
2610,3383343,0.0364676
2620,3250057,0.0352502
2630,3298914,0.0356389
2640,3127344,0.0338468
2650,3184717,0.034401
2660,3382722,0.0367233
2670,3290027,0.035447
2680,2877998,0.0311709
2690,3259849,0.0354298
2700,3043224,0.0329267
2710,3588961,0.0388677
2720,3173478,0.0343625
2730,3595901,0.0388269
2740,3586824,0.0387792
2750,3509495,0.0379894
2760,3512376,0.0379611
2770,2886783,0.031336
2780,3289852,0.0356945
2790,3369762,0.0364993
2800,3594136,0.0388389
2810,3645300,0.0394212
2820,3294098,0.0356584
2830,3549612,0.0385346
2840,3420268,0.0370525
2850,3445194,0.0373215
2860,3776515,0.0409138
2870,3994006,0.0432115
2880,3568723,0.0386341
2890,3919533,0.0423863
2900,3591882,0.0389029
2910,3943632,0.0427198
2920,3491444,0.0380465
2930,4261157,0.0461605
2940,3670590,0.0403993
2950,4489015,0.0486041
2960,4418865,0.0477867
2970,4363048,0.0472695
2980,3941526,0.0427485
2990,3189253,0.0347163
3000,4442160,0.0480737
3010,4392432,0.0476636
3020,5023286,0.0543584
3030,3983177,0.0432287
3040,4195564,0.0454429
3050,4354058,0.0473163
3060,4381002,0.0477552
3070,4629682,0.0505521
3080,3541753,0.0406559
3090,4731284,0.0535035
3100,4459288,0.0499194
3110,3795444,0.0415707
3120,4565620,0.0513636
3130,4269069,0.046661
3140,4673638,0.0508305
3150,4432932,0.0484494
3160,4139410,0.0450632
3170,4920791,0.0535259
3180,4497664,0.0491253
3190,4648276,0.0505259
3200,4375488,0.0477802
3210,4776544,0.0521624
3220,4113163,0.0449093
3230,4757790,0.0517861
3240,4123742,0.0450463
3250,4408040,0.0480649
3260,5119308,0.0558906
3270,5119839,0.0556021
3280,4297259,0.0468951
3290,4678511,0.0511166
3300,3727416,0.0407092
3310,5275941,0.0573316
3320,4811941,0.0524756
3330,4560768,0.0499323
3340,4705993,0.051315
3350,4547893,0.0495802
3360,5587142,0.0607736
3370,4964279,0.0541157
3380,4886466,0.0530916
3390,4877125,0.0532797
3400,5721860,0.0621438
3410,5396325,0.0591133
3420,5167756,0.056691
3430,5524358,0.0602768
3440,5056112,0.0551719
3450,4721463,0.0515982
3460,6142676,0.0668889
3470,6414295,0.0700155
3480,5653677,0.0615591
3490,5295516,0.0578119
3500,5602590,0.061222
3510,5141237,0.0561438
3520,5423756,0.0591654
3530,6885900,0.0752301
3540,5417332,0.0592041
3550,5343886,0.058285
3560,5470011,0.0598975
3570,5606256,0.0610989
3580,5937000,0.0647901
3590,5398426,0.0589296
3600,5621472,0.0613456
3610,5887910,0.0641371
3620,6124678,0.0667813
3630,7182971,0.0783642
3640,5955258,0.0651382
3650,5532524,0.0602822
3660,5606388,0.0627762
3670,5984008,0.0659547
3680,5739916,0.0633458
3690,6634841,0.0723266
3700,7099708,0.0789122
3710,5805927,0.063309
3720,5677389,0.0632748
3730,5704662,0.0655651
3740,6697666,0.0737775
3750,5938875,0.0649372
3760,6936147,0.0754458
3770,6449791,0.0702794
3780,5817798,0.0635986
3790,6576104,0.0714558
3800,6330192,0.0699026
3810,6684797,0.0728576
3820,7032849,0.0766332
3830,6141481,0.0682072
3840,6361344,0.0709155
3850,5708241,0.063637
3860,6369077,0.0701664
3870,6559572,0.0721923
3880,6689663,0.0742514
3890,6375476,0.0704324
3900,7083960,0.078545
3910,6564420,0.0744463
3920,6721859,0.0754554
3930,6968754,0.078939
3940,7084514,0.0773761
3950,7401352,0.0834078
3960,6860700,0.0778101
3970,7736497,0.0851106
3980,7155801,0.0782909
3990,7098369,0.0794692
4000,7790880,0.0863274
4010,7476564,0.0833967
4020,7216302,0.0794154
4030,6830447,0.0745932
4040,7646184,0.0876151
4050,8245395,0.0915162
4060,6986935,0.0764778
4070,6874718,0.0750659
4080,9178857,0.100751
4090,7411652,0.0829957
4100,7630674,0.0872973
4110,7458581,0.0829901
4120,7112108,0.0808726
4130,7217092,0.083158
4140,8083515,0.0918134
4150,7267729,0.0802082
4160,7670041,0.0844136
4170,8433408,0.093311
4180,7912990,0.088026
4190,7934938,0.0874066
4200,7973868,0.0870704
4210,7742442,0.0845697
4220,8553349,0.0933243
4230,9575366,0.104206
4240,8109000,0.0887315
4250,8996825,0.0980673
4260,8214558,0.0896817
4270,8571768,0.0936568
4280,8457964,0.0923299
4290,8279700,0.0912937
4300,8276726,0.0903288
4310,8215291,0.0982734
4320,9626860,0.105119
4330,9048574,0.0993062
4340,9020603,0.098811
4350,8800746,0.0962437
4360,9555027,0.104187
4370,7364411,0.0805941
4380,9234266,0.100526
4390,7799274,0.0851484
4400,8975736,0.0979603
4410,8861895,0.0967246
4420,9515729,0.103926
4430,8254773,0.09057
4440,8145890,0.0891466
4450,7527353,0.0822701
4460,10057389,0.116191
4470,8706308,0.10155
4480,9144844,0.107222
4490,9429987,0.106015
4500,10369260,0.117458
4510,9593221,0.111271
4520,9289865,0.109654
4530,9093612,0.103212
4540,9419773,0.103139
4550,7934199,0.0931218
4560,9683160,0.115862
4570,10229670,0.119297
4580,11342828,0.130382
4590,8328738,0.0931977
4600,9266424,0.106979
4610,10630752,0.119935
4620,9282411,0.103533
4630,9191568,0.108836
4640,9422169,0.112109
4650,10791069,0.126697
4660,9644708,0.112786
4670,10671230,0.1196
4680,10377057,0.116307
4690,9837087,0.110916
4700,10336616,0.113469
4710,10393086,0.114051
4720,10346051,0.113067
4730,10140741,0.111655
4740,10449424,0.114482
4750,11304335,0.123451
4760,10841661,0.118594
4770,9456906,0.103505
4780,11045146,0.1205
4790,9486499,0.103816
4800,10476480,0.11419
4810,10980460,0.120085
4820,10534110,0.126174
4830,10647928,0.116365
4840,9555321,0.105063
4850,11397500,0.125184
4860,10628042,0.116224
4870,10573257,0.120535
4880,11835952,0.129078
4890,9657065,0.105801
4900,11593596,0.126706
4910,12410908,0.136325
4920,10456377,0.119697
4930,12009282,0.13561
4940,10540280,0.115257
4950,10623591,0.116217
4960,10840080,0.118518
4970,11708127,0.128046
4980,11477306,0.125368
4990,10671813,0.116706
5000,10713600,0.117262
5010,11346948,0.12677
5020,12338256,0.13487
5030,11256234,0.123124
5040,11853676,0.129542
5050,11112727,0.121817
5060,13425192,0.146784
5070,12613551,0.138207
5080,13553033,0.153155
5090,12944073,0.141505
5100,10725300,0.117651
5110,11022781,0.120632
5120,12633292,0.138057
5130,12841005,0.140506
5140,10235590,0.112064
5150,11848708,0.129654
5160,12061603,0.132011
5170,12296121,0.137023
5180,11660594,0.129749
5190,13619805,0.153399
5200,10838360,0.119384
5210,12157014,0.133616
5220,12557232,0.138905
5230,11335292,0.124441
5240,12260552,0.134742
5250,12340020,0.135081
5260,13047219,0.14289
5270,11546991,0.126499
5280,12634723,0.138547
5290,12519102,0.136948
5300,13146332,0.143817
5310,11841618,0.129662
5320,14479550,0.158399
5330,12036099,0.131844
5340,13361320,0.150627
5350,11840620,0.129548
5360,13805859,0.15114
5370,12979504,0.142295
5380,11077420,0.121356
5390,13926897,0.152406
5400,13227624,0.145122
5410,11678675,0.128207
5420,14240508,0.155861
5430,14165349,0.155359
5440,13935104,0.152537
5450,13769098,0.150838
5460,15359526,0.168193
5470,14066652,0.15397
5480,13321880,0.145855
5490,13639905,0.154203
5500,13942940,0.152864
5510,14828291,0.162544
5520,13610774,0.151713
5530,14645320,0.16031
5540,13570673,0.150655
5550,13354743,0.146144
5560,12403248,0.135978
5570,14447577,0.158439
5580,13994974,0.153453
5590,14675762,0.161018
5600,14490448,0.1585
5610,14980158,0.164119
5620,14642235,0.160383
5630,15096056,0.165671
5640,14258258,0.156277
5650,11644085,0.128067
5660,14311536,0.157114
5670,14511798,0.158809
5680,15889004,0.174366
5690,15452674,0.169285
5700,17186526,0.188428
5710,16342362,0.179105
5720,17102228,0.187147
5730,14822593,0.163213
5740,14257586,0.156398
5750,15678180,0.172238
5760,14917363,0.163255
5770,15576692,0.170805
5780,12876568,0.141388
5790,16490267,0.181054
5800,14402212,0.164525
5810,17133457,0.18762
5820,12994663,0.152688
5830,14833152,0.169097
5840,17443262,0.197654
5850,18714618,0.211402
5860,15178103,0.17043
5870,12745296,0.146544
5880,13771900,0.15149
5890,17766360,0.201049
5900,14338652,0.170767
5910,18103630,0.209863
5920,16814457,0.184469
5930,16309753,0.178915
5940,15264493,0.168192
5950,16710099,0.183643
5960,15745247,0.174101
5970,14393670,0.157748
5980,15276986,0.167676
5990,16377858,0.180445
6000,15381240,0.169268
6010,16358018,0.180434
6020,17604406,0.193382
6030,13613689,0.14947
6040,17797826,0.195269
6050,16431074,0.180189
6060,16264434,0.178448
6070,15831895,0.173834
6080,15426662,0.16897
6090,16045323,0.180655
6100,18025134,0.197967
6110,15726406,0.172403
6120,18207000,0.199681
6130,15362883,0.168496
6140,15445906,0.169708
6150,16910286,0.185584
6160,16263016,0.178867
6170,18302441,0.202089
6180,18176245,0.202202
6190,17056049,0.187193
6200,20816128,0.228356
6210,19024086,0.210617
6220,16809923,0.186882
6230,17589532,0.193134
6240,17678918,0.19447
6250,16809500,0.184436
6260,17891455,0.196579
6270,17756138,0.198057
6280,17150931,0.188284
6290,16065163,0.176656
6300,17356500,0.192009
6310,15923411,0.175038
6320,19311012,0.211986
6330,19495387,0.213611
6340,18324248,0.201268
6350,19313017,0.211959
6360,16829196,0.184664
6370,19862551,0.218583
6380,19435011,0.213747
6390,18185301,0.200272
6400,19440128,0.2137
6410,20102529,0.220495
6420,20982871,0.230321
6430,14748876,0.162209
6440,21702928,0.238135
6450,18642435,0.204922
6460,17860349,0.196112
6470,19058420,0.209212
6480,22737024,0.249329
6490,20635344,0.226655
6500,21519160,0.23609
6510,21914873,0.240572
6520,17205106,0.189246
6530,20360148,0.223658
6540,16500681,0.181452
6550,19316867,0.218703
6560,20470217,0.231468
6570,18847621,0.206862
6580,19208072,0.210912
6590,23076071,0.266614
6600,20543424,0.225608
6610,19239859,0.214039
6620,19182112,0.210724
6630,19033669,0.213641
6640,18544988,0.215122
6650,19161310,0.210613
6660,20272773,0.229077
6670,19718521,0.21665
6680,20017822,0.219904
6690,22030972,0.242382
6700,20591780,0.226354
6710,21677862,0.238433
6720,20116454,0.221088
6730,17319655,0.190481
6740,21929264,0.240525
6750,19320120,0.212448
6760,19481914,0.21374
6770,20698191,0.228481
6780,17806856,0.198037
6790,20458949,0.224971
6800,18061616,0.198664
6810,20384781,0.223852
6820,20598718,0.226697
6830,23617457,0.259362
6840,22740537,0.249491
6850,24441211,0.268759
6860,21594182,0.237553
6870,20758254,0.24966
6880,23157942,0.254674
6890,22964645,0.252343
6900,25506264,0.280342
6910,20553518,0.226139
6920,21040260,0.231728
6930,21528322,0.236751
6940,23071752,0.254023
6950,19340877,0.212857
6960,21463665,0.235711
6970,23626627,0.25957
6980,21459032,0.236147
6990,21248202,0.233351
7000,21473060,0.236327
7010,21951674,0.241546
7020,23852134,0.263627
7030,25148981,0.276054
7040,23985561,0.263716
7050,21660420,0.238543
7060,24524886,0.269441
7070,18369556,0.202348
7080,21363333,0.235079
7090,25827026,0.28361
7100,22744140,0.251331
7110,22001468,0.247407
7120,23378662,0.261534
7130,24351374,0.267376
7140,20348286,0.224213
7150,24129534,0.266588
7160,18535092,0.20465
7170,20482969,0.228582
7180,21683169,0.238831
7190,20203324,0.223219
7200,24827040,0.273353
7210,22659299,0.250812
7220,23090426,0.26174
7230,22865019,0.252665
7240,25456853,0.279906
7250,22830250,0.25206
7260,21742102,0.240867
7270,20737238,0.229629
7280,21771276,0.24087
7290,23798496,0.263092
7300,23936262,0.265432
7310,24671834,0.276427
7320,23251540,0.257539
7330,24516797,0.271889
7340,23922968,0.268849
7350,22458954,0.251776
7360,19870086,0.219512
7370,25890515,0.287823
7380,20244078,0.247363
7390,19929647,0.220196
7400,24423996,0.268749
7410,22535143,0.253889
7420,26080261,0.287282
7430,21791744,0.240469
7440,27146179,0.301592
7450,24441066,0.271441
7460,25969006,0.288121
7470,26456797,0.292386
7480,26631492,0.293779
7490,26570924,0.292542
7500,25264350,0.278839
7510,23916346,0.263903
7520,30567145,0.338349
7530,28584783,0.316173
7540,26591619,0.293284
7550,29690224,0.329348
7560,26234712,0.289571
7570,24961620,0.274765
7580,26721774,0.293823
7590,23975595,0.265729
7600,25937584,0.287839
7610,29276126,0.323062
7620,27801417,0.312299
7630,28552375,0.314483
7640,24181058,0.266578
7650,30471633,0.3372
7660,20998204,0.231789
7670,26505065,0.29319
7680,26556057,0.293948
7690,29865960,0.329891
7700,26245450,0.289671
7710,25671370,0.285483
7720,25649082,0.286131
7730,32130054,0.35698
7740,24604376,0.271389
7750,30018540,0.335975
7760,28854784,0.327704
7770,26543563,0.299139
7780,22886114,0.25305
7790,25515989,0.28089
7800,25687584,0.283009
7810,27705975,0.314645
7820,28929620,0.32096
7830,27011620,0.314127
7840,27094726,0.317905
7850,27753518,0.306769
7860,30466617,0.336001
7870,26777989,0.302177
7880,35203742,0.388419
7890,25681003,0.284726
7900,25993054,0.286328
7910,23726045,0.261594
7920,28270598,0.311353
7930,24768086,0.275714
7940,32915746,0.362465
7950,27754563,0.30958
7960,29379882,0.324463
7970,27485501,0.309734
7980,30655329,0.34172
7990,28770871,0.319383
8000,31570400,0.350368
8010,30138265,0.335387
8020,29531564,0.326811
8030,28158961,0.31345
8040,30052072,0.331782
8050,28442099,0.315853
8060,29879870,0.335726
8070,30077374,0.330997
8080,28123409,0.312405
8090,33138581,0.372723
8100,25033698,0.278867
8110,30233917,0.335798
8120,32632493,0.359973
8130,29937261,0.338576
8140,29086662,0.323623
8150,27004210,0.299604
8160,32593488,0.360234
8170,32333755,0.362551
8180,27938953,0.318322
8190,27065820,0.302996
8200,31767292,0.354706
8210,28318260,0.316537
8220,31223341,0.343687
8230,30383184,0.335569
8240,27101360,0.304216
8250,28087620,0.313072
8260,30276038,0.338159
8270,26923150,0.302005
8280,31787913,0.358689
8290,30507697,0.337385
8300,35607498,0.394968
8310,28494491,0.318483
8320,31132774,0.348393
8330,25252061,0.280771
8340,34306590,0.377917
8350,29406696,0.327308
8360,31309036,0.34485
8370,30852322,0.344005
8380,29892633,0.339006
8390,31139988,0.349328
8400,30075528,0.335131
8410,28962021,0.32583
8420,35331330,0.400288
8430,29420025,0.328973
8440,27756796,0.306667
8450,25919699,0.286027
8460,30031477,0.331588
8470,38270848,0.422316
8480,31072246,0.343048
8490,35960413,0.396614
8500,36426580,0.408752
8510,35658261,0.39331
8520,27022202,0.2986
8530,30854545,0.344218
8540,27347129,0.304373
8550,32019408,0.353939
8560,34297009,0.378546
8570,33563376,0.370413
8580,31151062,0.343728
8590,35932829,0.396684
8600,33937320,0.375083
8610,34028614,0.375438
8620,35394064,0.39052
8630,32349900,0.358468
8640,31709318,0.350416
8650,32621053,0.36016
8660,31143784,0.344336
8670,36373077,0.401173
8680,36830976,0.411609
8690,39723554,0.443818
8700,39767004,0.438754
8710,37633645,0.430489
8720,33209422,0.366674
8730,35426165,0.398214
8740,39828354,0.439792
8750,33391750,0.36924
8760,36233462,0.400156
8770,36843471,0.413397
8780,37685340,0.415849
8790,36245565,0.400299
8800,33780560,0.373574
8810,34351247,0.381594
8820,39437395,0.435205
8830,33229939,0.367477
8840,36843882,0.407723
8850,35271675,0.396882
8860,34876149,0.385763
8870,38833392,0.43815
8880,35851224,0.403772
8890,37734494,0.418606
8900,39682964,0.441069
8910,33531359,0.370801
8920,37537500,0.415933
8930,37425808,0.415084
8940,40876004,0.452921
8950,33167089,0.366404
8960,33666124,0.373526
8970,36850554,0.410533
8980,34968299,0.386904
8990,34538141,0.382052
9000,36148860,0.399701
9010,39914660,0.440554
9020,37793800,0.418068
9030,41889267,0.464701
9040,34413110,0.382444
9050,37968008,0.420562
9060,34823740,0.384767
9070,30459418,0.337613
9080,40796621,0.451599
9090,39500413,0.439981
9100,41159846,0.454516
9110,35185553,0.39254
9120,32431084,0.364502
9130,32450759,0.359806
9140,40435177,0.450837
9150,36621960,0.407466
9160,42744773,0.472532
9170,36087251,0.402586
9180,40166906,0.447465
9190,41113854,0.461045
9200,35996840,0.403611
9210,43969092,0.493516
9220,36809190,0.415861
9230,40957386,0.463379
9240,40904925,0.456237
9250,36045585,0.402167
9260,37788763,0.41885
9270,38229480,0.424949
9280,37897292,0.422691
9290,42662838,0.474276
9300,40296900,0.454535
9310,42617083,0.477575
9320,40528206,0.460393
9330,43951204,0.492515
9340,44307652,0.493648
9350,38802687,0.438863
9360,36681840,0.411881
9370,36001788,0.406838
9380,38804122,0.438742
9390,45269377,0.506264
9400,34078008,0.378808
9410,43514286,0.482373
9420,46023294,0.516166
9430,41816203,0.505448
9440,39321564,0.435683
9450,40931541,0.453463
9460,40650944,0.457767
9470,40745622,0.451042
9480,42712708,0.472312
9490,37554587,0.416564
9500,40050860,0.445309
9510,42544126,0.472846
9520,36593547,0.406795
9530,41052381,0.456181
9540,43328581,0.486287
9550,43095712,0.478329
9560,42536264,0.47624
9570,45167911,0.50679
9580,45609805,0.507342
9590,38207327,0.430689
9600,42517440,0.479082
9610,35696729,0.405206
9620,44338964,0.500914
9630,33427656,0.376042
9640,38581786,0.437229
9650,37545062,0.420205
9660,43050369,0.483079
9670,43311349,0.499676
9680,48423812,0.537756
9690,45420518,0.509522
9700,45906802,0.514248
9710,40970568,0.454302
9720,44251660,0.49432
9730,41197598,0.462322
9740,52407433,0.594358
9750,41282280,0.462194
9760,43095084,0.481416
9770,50469084,0.565699
9780,47084636,0.524891
9790,46653853,0.522668
9800,42257012,0.469202
9810,49451425,0.563355
9820,48981374,0.544752
9830,50814612,0.569596
9840,43671100,0.510439
9850,40634796,0.451446
9860,46019775,0.513209
9870,41296869,0.458414
9880,45700137,0.510248
9890,45230332,0.503071
9900,38679498,0.429114
9910,46118959,0.515449
9920,44549132,0.495172
9930,46459491,0.521004
9940,48233850,0.583345
9950,48242177,0.547165
9960,45005455,0.505349
9970,39176317,0.434887
9980,46144925,0.519667
9990,48922228,0.549425
10000,53492200,0.597853
10010,44451206,0.496342
10020,41766967,0.473846
10030,44914139,0.50089
10040,44564347,0.500514
10050,38003472,0.431535
10060,43831822,0.496834
10070,50197338,0.569157
10080,43042608,0.483282
10090,55441724,0.623955
10100,40861166,0.456845
10110,46307844,0.5193
10120,45491626,0.514956
10130,45536578,0.509218
10140,42164553,0.472369
10150,50741271,0.565734
10160,45563129,0.510225
10170,41472853,0.465345
10180,45432525,0.513789
10190,44770172,0.507926
10200,47141544,0.545067
10210,55362704,0.626247
10220,43393915,0.501195
10230,56155948,0.660658
10240,49366016,0.549185
10250,42914085,0.480692
10260,51057043,0.570416
10270,45346158,0.505927
10280,48217723,0.541139
10290,45759218,0.514443
10300,46899608,0.523697
10310,46713372,0.522195
10320,44757840,0.502194
10330,45676367,0.514872
10340,54716384,0.612613
10350,42453216,0.476478
10360,54535247,0.609468
10370,44285707,0.496101
10380,41452114,0.467195
10390,40069450,0.445742
10400,49901488,0.562003
10410,52217392,0.581489
10420,45451206,0.504657
10430,47898314,0.531716
10440,53153589,0.589333
10450,53686875,0.596644
10460,51268016,0.571957
10470,51142809,0.568385
10480,42708096,0.477012
10490,54276099,0.602247
10500,50279250,0.558717
10510,45885398,0.510189
10520,48005495,0.534255
10530,49290087,0.547403
10540,51509190,0.572729
10550,47499476,0.533306
10560,53905843,0.598445
10570,55971321,0.62077
10580,61904214,0.688517
10590,54612206,0.605871
10600,51216020,0.569618
10610,58127097,0.646522
10620,52895883,0.587158
10630,44415754,0.493559
10640,46851537,0.520101
10650,52096392,0.581891
10660,51578623,0.576347
10670,43819342,0.489128
10680,54499826,0.605353
10690,52661291,0.584397
10700,49792022,0.552846
10710,57799513,0.641546
10720,49486092,0.552014
10730,52110030,0.578644
10740,44121638,0.492124
10750,59428580,0.660523
10760,58075163,0.64406
10770,48674153,0.543446
10780,53246516,0.595016
10790,54497700,0.604643
10800,57528144,0.644417
10810,56637697,0.628799
10820,49691066,0.552244
10830,58155583,0.647614
10840,54243576,0.602805
10850,53240516,0.590989
10860,59783214,0.662598
10870,54896978,0.610377
10880,54624128,0.606279
10890,59417146,0.659448
10900,52328284,0.580633
10910,48962334,0.545387
10920,54720556,0.6077
10930,50029670,0.557131
10940,57736287,0.640001
10950,64996791,0.720404
10960,58647179,0.650465
10970,45738537,0.508521
10980,56846095,0.631259
10990,55799307,0.619223
11000,55472120,0.616324
11010,53625966,0.596135
11020,58230782,0.646773
11030,68017377,0.754526
11040,55283683,0.615746
11050,55102593,0.611916
11060,54683294,0.606654
11070,56028591,0.621546
11080,58877125,0.654722
11090,65192786,0.723328
11100,54782052,0.608472
11110,57586907,0.639206
11120,60825955,0.676337
11130,53923737,0.599364
11140,56621946,0.628485
11150,63473382,0.704392
11160,53262662,0.592982
11170,53258560,0.593808
11180,53589988,0.595637
11190,57394405,0.637252
11200,52364032,0.581254
11210,50769417,0.564678
11220,53261340,0.592031
11230,52396709,0.582473
11240,57957936,0.643152
11250,56769300,0.629831
11260,61599406,0.682728
11270,52597090,0.585359
11280,49059652,0.553109
11290,66069757,0.733477
11300,60167754,0.672357
11310,50758149,0.567641
11320,70153662,0.778543
11330,66860369,0.741101
11340,48601652,0.543599
11350,51595284,0.584317
11360,47380288,0.528822
11370,52861858,0.596953
11380,60410274,0.67475
11390,55424879,0.614678
11400,53105304,0.589842
11410,62294036,0.691633
11420,49969123,0.555278
11430,55469332,0.616246
11440,55731104,0.621846
11450,63176749,0.701695
11460,59898898,0.667835
11470,57803065,0.647888
11480,58735124,0.655146
11490,58326687,0.647529
11500,51809800,0.576413
11510,61370399,0.683168
11520,61706649,0.69094
11530,60127105,0.674709
11540,51593724,0.57998
11550,59943807,0.665658
11560,70647552,0.783109
11570,59278200,0.658576
11580,56171337,0.631121
11590,53433145,0.600741
11600,65190144,0.726163
11610,56115774,0.62622
11620,64361785,0.716573
11630,64544174,0.716152
11640,59366328,0.659721
11650,64987894,0.721929
11660,59055101,0.660206
11670,65559959,0.733674
11680,65842262,0.736097
11690,74511592,0.826807
11700,61542936,0.692272
11710,59305529,0.659129
11720,58378726,0.649276
11730,61913051,0.687263
11740,68339948,0.75877
11750,59210365,0.664923
11760,60269529,0.668513
11770,58950986,0.655246
11780,56718579,0.630699
11790,54682727,0.608239
11800,64937288,0.720376
11810,68127166,0.756477
11820,66238334,0.735924
11830,65571087,0.729611
11840,55574592,0.617971
11850,69390045,0.773198
11860,63875113,0.708866
11870,56624173,0.630702
11880,61357111,0.682242
11890,72623406,0.807164
11900,54014814,0.602277
11910,65655066,0.728354
11920,65459156,0.727878
11930,62642282,0.697433
11940,61652906,0.68586
11950,73591924,0.820078
11960,70323125,0.780886
11970,65459142,0.728924
11980,58421188,0.656054
11990,59439945,0.72248
12000,68075760,0.769643
12010,77288673,0.880163
12020,59989416,0.669262
12030,66201571,0.737943
12040,77552048,0.859483
12050,62718322,0.708855
12060,63813078,0.712831
12070,59849819,0.670349
12080,65574830,0.730638
12090,54059951,0.60231
12100,66792242,0.754194
12110,75448448,0.842089
12120,71025381,0.803751
12130,71555112,0.8051
12140,65328739,0.731953
12150,67811580,0.758064
12160,62502156,0.69604
12170,65674188,0.730846
12180,65086509,0.724756
12190,70276081,0.783608
12200,71243852,0.796365
12210,70351578,0.785555
12220,69441860,0.777332
12230,75259506,0.835857
12240,69919041,0.781092
12250,61287485,0.689411
12260,72214832,0.802699
12270,65477628,0.752175
12280,73212132,0.828619
12290,82965611,0.926098
12300,63624948,0.713729
12310,76664956,0.854743
12320,64747513,0.721111
12330,57462732,0.653074
12340,70786435,0.804336
12350,58122805,0.650266
12360,78932443,0.876681
12370,64527115,0.716872
12380,66523930,0.750204
12390,76697321,0.875086
12400,73197448,0.818711
12410,64221005,0.715338
12420,78002816,0.869675
12430,67731318,0.757646
12440,63560189,0.709304
12450,77377248,0.8615
12460,68912023,0.766513
12470,68056770,0.76393
12480,69626419,0.784491
12490,78711480,0.876944
12500,74163250,0.90817
12510,75071509,0.839823
12520,72696128,0.817514
12530,77269001,0.861895
12540,76229656,0.850295
12550,67179648,0.74947
12560,71730160,0.811116
12570,73985763,0.83308
12580,68245996,0.77065
12590,67330312,0.75811
12600,82058256,0.927545
12610,73451484,0.841357
12620,74040782,0.831004
12630,68323500,0.783282
12640,72768985,0.813143
12650,76703528,0.861554
12660,64457124,0.718446
12670,77065528,0.856521
12680,66948117,0.744851
12690,80442163,0.893448
12700,65196212,0.724734
12710,80328979,0.892716
12720,71692972,0.79751
12730,74073324,0.822919
12740,77427350,0.860145
12750,69566040,0.773766
12760,74155250,0.828213
12770,71440743,0.794292
12780,90371725,1.00933
12790,80297154,0.891821
12800,77750784,0.864079
12810,74023353,0.821683
12820,77952266,0.868735
12830,73394528,0.815815
12840,78207669,0.871211
12850,73315675,0.814575
12860,76813294,0.852906
12870,84583956,0.938856
12880,80684956,0.895571
12890,75131169,0.837396
12900,78642528,0.879262
12910,76563013,0.894206
12920,80015885,0.904931
12930,78473463,0.874123
12940,94167744,1.04488
12950,72274209,0.803565
12960,72386784,0.804292
12970,66617032,0.741537
12980,80447184,0.901039
12990,87411268,0.970895
13000,82825340,0.919886
13010,75512381,0.838506
13020,89373967,0.991013
13030,70043025,0.778749
13040,82858768,0.926629
13050,72994392,0.813182
13060,69899209,0.779174
13070,72929815,0.81081
13080,87070159,0.966576
13090,79522535,0.883252
13100,80348326,0.892459
13110,83096686,0.922454
13120,73729939,0.819117
13130,68428045,0.760773
13140,71183322,0.791727
13150,80642375,0.896711
13160,72895872,0.816515
13170,78992343,0.879815
13180,73214372,0.859072
13190,72853646,0.810888
13200,100828728,1.11835
13210,77051288,0.857093
13220,86129357,0.95646
13230,81967258,0.910844
13240,85992476,0.955228
13250,80791080,0.89943
13260,97694906,1.08366
13270,80480692,0.894327
13280,68415107,0.762557
13290,65737390,0.731188
13300,82440848,0.916122
13310,86488380,0.96111
13320,87298480,0.973188
13330,64105836,0.713353
13340,71994112,0.804611
13350,79394052,0.881507
13360,84166664,0.936236
13370,76718931,0.856686
13380,85989246,0.956038
13390,80910949,0.910396
13400,76723040,0.856637
13410,74448833,0.832128
13420,94647770,1.04962
13430,76418043,0.848791
13440,76632460,0.852004
13450,87183976,0.96901
13460,84230257,0.934956
13470,79518798,0.883275
13480,75306828,0.836672
13490,85627775,0.951064
13500,85904280,0.95427
13510,66823972,0.745369
13520,97771502,1.0837
13530,65136937,0.724072
13540,86043450,0.956479
13550,81055829,0.900884
13560,73845590,0.821533
13570,69049316,0.76803
13580,72722529,0.808872
13590,94950068,1.05528
13600,88167168,0.979136
13610,90734603,1.00913
13620,87895308,0.976915
13630,88397092,0.980919
13640,82794254,0.921088
13650,71612268,0.796285
13660,86823506,0.963286
13670,64371756,0.716687
13680,75307305,0.837281
13690,78431105,0.871422
13700,82658402,0.918783
13710,81810037,0.911048
13720,88057429,0.991055
13730,70005425,0.780061
13740,93290203,1.04034
13750,78367025,0.875242
13760,79685811,0.889703
13770,88154713,1.01509
13780,95326181,1.06908
13790,89197857,0.994039
13800,82084332,0.91438
13810,80833796,0.899111
13820,87936383,0.977061
13830,84551088,0.941929
13840,94590033,1.04961
13850,81616388,0.909767
13860,96246334,1.06837
13870,91763642,1.02056
13880,93919020,1.04546
13890,89574109,0.994964
13900,102429656,1.13714
13910,91496363,1.01933
13920,87784531,0.981976
13930,98034325,1.09216
13940,78868616,0.879804
13950,88518888,0.987677
13960,90439022,1.01041
13970,88359691,0.984275
13980,101360871,1.13212
13990,81867521,0.914726
14000,93087960,1.03714
14010,69303267,0.77301
14020,86779033,0.964507
14030,93436152,1.0485
14040,89850384,1.00461
14050,71899189,0.800912
14060,86873365,0.969647
14070,90405096,1.00386
14080,86418534,0.96434
14090,91466925,1.02362
14100,97363038,1.08312
14110,91529594,1.02031
14120,92334633,1.0308
14130,87865992,0.976558
14140,93885923,1.04369
14150,96278298,1.06993
14160,89359228,0.999554
14170,81807377,0.911321
14180,91697806,1.02031
14190,92531571,1.02948
14200,94922172,1.06456
14210,102980154,1.14317
14220,97807435,1.08533
14230,82052456,0.913686
14240,89229264,0.991877
14250,87171525,0.969683
14260,85173268,0.946473
14270,86183665,0.958496
14280,85563475,0.951623
14290,96386621,1.07183
14300,92376856,1.03206
14310,81317147,0.911807
14320,91789768,1.02531
14330,83941700,0.933629
14340,110642851,1.2277
14350,93528134,1.04039
14360,90588911,1.00749
14370,86978736,0.966361
14380,87203483,0.976124
14390,102250447,1.13514
14400,106806816,1.18559
14410,87904458,0.977832
14420,98396888,1.09327
14430,93719386,1.04191
14440,93905630,1.04273
14450,102747303,1.14278
14460,80283366,0.893433
14470,88371762,0.988288
14480,85926636,0.957153
14490,86083351,0.957904
14500,97236130,1.07996
14510,98663937,1.09616
14520,98744131,1.09787
14530,102930520,1.1474
14540,107343876,1.19092
14550,90839433,1.10297
14560,88292422,0.983112
14570,94405440,1.05111
14580,92290233,1.02686
14590,103031370,1.1432
14600,83045968,0.925116
14610,90274313,1.00406
14620,95018888,1.06187
14630,79559110,0.88457
14640,117346334,1.30139
14650,107228624,1.19067
14660,91430022,1.01876
14670,106065567,1.18128
14680,102762642,1.142
14690,110348929,1.22751
14700,94162908,1.04819
14710,89116416,0.995118
14720,101246515,1.12613
14730,99020068,1.09828
14740,89607702,0.995078
14750,103196310,1.14607
14760,84978338,0.945596
14770,98541304,1.09703
14780,103012461,1.15082
14790,94786152,1.05805
14800,82634024,0.91944
14810,86669897,0.967713
14820,116701275,1.29454
14830,102130947,1.14677
14840,98008999,1.0931
14850,100359270,1.11547
14860,108276795,1.20748
14870,98551222,1.1035
14880,90994771,1.01147
14890,94245361,1.05146
14900,83069586,0.923322
14910,102745704,1.14046
14920,97860578,1.09148
14930,112634906,1.25
14940,104944536,1.1722
14950,109954559,1.22023
14960,104699953,1.16346
14970,93244537,1.03645
14980,106400842,1.18993
14990,106860412,1.1944
15000,96249000,1.07326
15010,96846621,1.07631
15020,113732641,1.26742
15030,94459642,1.04967
15040,116701676,1.29813
15050,102464915,1.14275
15060,82023085,0.995935
15070,101525384,1.12907
15080,105221906,1.17451
15090,108022368,1.19922
15100,101443914,1.12995
15110,98441347,1.09539
15120,93001608,1.03913
15130,100320675,1.11621
15140,108912012,1.21228
15150,108099189,1.20743
15160,118942934,1.31978
15170,103449691,1.15222
15180,101987437,1.13422
15190,113008739,1.25559
15200,122061776,1.35818
15210,87585568,0.974322
15220,113059030,1.25614
15230,106601471,1.18402
15240,97127263,1.07843
15250,104487510,1.16673
15260,98709615,1.11096
15270,90482995,1.01269
15280,108021960,1.22181
15290,108191734,1.21047
15300,123224364,1.36938
15310,112159529,1.24852
15320,103050899,1.14901
15330,114520005,1.28154
15340,87958639,0.979662
15350,111213513,1.23881
15360,108324249,1.20511
15370,107048053,1.19116
15380,109372409,1.2224
15390,97240483,1.08701
15400,88869088,0.989588
15410,113890070,1.26743
15420,123621523,1.37163
15430,101726595,1.13112
15440,110450040,1.22828
15450,86272800,0.960225
15460,121681640,1.35135
15470,102796603,1.14436
15480,116026934,1.29761
15490,120981856,1.34289
15500,107821720,1.19763
15510,98198152,1.09153
15520,113036195,1.25684
15530,106803847,1.18735
15540,118776882,1.32016
15550,103934023,1.15838
15560,115204061,1.28328
15570,116351496,1.29416
15580,109285598,1.21594
15590,94527782,1.05303
15600,108873960,1.2203
15610,112864046,1.26023
15620,124474842,1.386
15630,130766206,1.45408
15640,106193723,1.18739
15650,123868811,1.37817
15660,123806394,1.37842
15670,113874830,1.26721
15680,109191443,1.21832
15690,108506705,1.21341
15700,118410342,1.31674
15710,108098310,1.2082
15720,112478172,1.25612
15730,115307821,1.28807
15740,128416364,1.43231
15750,127875825,1.42891
15760,104641041,1.17077
15770,113539584,1.26359
15780,106187091,1.19204
15790,96090360,1.07793
15800,115075824,1.28055
15810,128147322,1.43213
15820,97261992,1.08977
15830,111756950,1.24237
15840,133015449,1.47818
15850,106026356,1.18244
15860,102871766,1.14313
15870,122611937,1.3627
15880,115616563,1.2851
15890,113948779,1.2719
15900,110192724,1.22693
15910,117249063,1.30361
15920,126814899,1.40963
15930,119573447,1.33059
15940,104556836,1.16572
15950,123956063,1.37968
15960,110046115,1.22328
15970,120015188,1.3337
15980,112965496,1.25829
15990,106604050,1.18873
16000,106989120,1.19007
16010,107227295,1.19339
16020,124732360,1.38501
16030,122155653,1.36354
16040,117938912,1.31146
16050,113722596,1.26454
16060,140981425,1.56628
16070,128766017,1.43302
16080,120799070,1.34203
16090,113463462,1.26135
16100,117502952,1.30655
16110,112204539,1.246
16120,110895928,1.23408
16130,119075853,1.32291
16140,113506809,1.26091
16150,124413786,1.38258
16160,110749651,1.23278
16170,132867273,1.47257
16180,123516825,1.37317
16190,92684188,1.03141
16200,121091760,1.35391
16210,122883471,1.36543
16220,140833718,1.56477
16230,113497363,1.27195
16240,119322425,1.32659
16250,120980275,1.34696
16260,119689534,1.33557
16270,129161347,1.44056
16280,109587517,1.22519
16290,115041934,1.28118
16300,113206108,1.26345
16310,113479434,1.26739
16320,114536371,1.2775
16330,134688533,1.50628
16340,121293127,1.37714
16350,127384485,1.42277
16360,130236070,1.46866
16370,112207510,1.2519
16380,122020516,1.35764
16390,126221029,1.4038
16400,122766464,1.36567
16410,145831075,1.61974
16420,140859626,1.57254
16430,121675322,1.36134
16440,123781692,1.37762
16450,127625022,1.41876
16460,134329072,1.4922
16470,116336503,1.31137
16480,136067449,1.53667
16490,135728200,1.51366
16500,115797660,1.30747
16510,115062482,1.31254
16520,125825901,1.41094
16530,121056463,1.36597
16540,115586812,1.30996
16550,114679253,1.27534
16560,111611419,1.24542
16570,134378391,1.49772
16580,110289828,1.22825
16590,132264438,1.47312
16600,109521820,1.22207
16610,105763842,1.18024
16620,130449715,1.44825
16630,144520686,1.60613
16640,128129331,1.425
16650,117102447,1.30059
16660,119524504,1.33263
16670,130680797,1.45195
16680,131998180,1.46847
16690,116160731,1.29303
16700,126688538,1.40863
16710,127226263,1.41652
16720,134526110,1.5006
16730,114373975,1.27395
16740,101303784,1.12753
16750,129514685,1.43881
16760,135031297,1.50069
16770,140943129,1.57489
16780,128425394,1.43264
16790,129403216,1.44094
16800,138293904,1.53601
16810,112526812,1.25337
16820,136281695,1.52819
16830,136769668,1.53952
16840,144409399,1.60451
16850,107719017,1.21798
16860,128802981,1.45378
16870,145600583,1.61703
16880,110648062,1.24355
16890,123557443,1.40147
16900,138630700,1.5426
16910,125561146,1.39711
16920,127981526,1.42171
16930,146838630,1.63282
16940,126258902,1.40311
16950,125142867,1.38956
16960,133898860,1.48838
16970,138823763,1.54295
16980,118954408,1.32122
16990,132191714,1.47201
17000,128899100,1.43368
17010,139146562,1.54599
17020,118152499,1.32418
17030,107293768,1.19599
17040,130913889,1.45634
17050,122936979,1.36855
17060,129668624,1.44624
17070,139592997,1.55061
17080,154315408,1.71584
17090,145573303,1.61651
17100,132881364,1.48032
17110,116986545,1.43164
17120,120807622,1.34288
17130,128990270,1.43397
17140,146329664,1.62685
17150,131982970,1.47281
17160,142144516,1.58067
17170,125469775,1.40962
17180,117096818,1.30775
17190,124156494,1.39224
17200,144778592,1.60884
17210,124911901,1.39063
17220,126145454,1.40543
17230,125209031,1.39246
17240,146430008,1.63503
17250,146560140,1.62753
17260,132780489,1.48284
17270,124675238,1.38656
17280,136413849,1.51423
17290,129699551,1.44122
17300,125844006,1.40142
17310,117484354,1.30731
17320,150330325,1.6698
17330,151257626,1.67848
17340,136627755,1.52577
17350,157763203,1.75253
17360,142099932,1.57844
17370,124048549,1.38067
17380,149359548,1.65863
17390,131365799,1.45982
17400,133968168,1.49396
17410,113392026,1.26285
17420,137122226,1.52585
17430,141206356,1.57007
17440,123083148,1.36864
17450,129616157,1.44142
17460,149404521,1.66664
17470,145289604,1.61358
17480,146204118,1.62533
17490,149709153,1.66419
17500,153705650,1.71813
17510,117785217,1.3114
17520,126429926,1.41162
17530,120688791,1.34281
17540,151129902,1.68093
17550,123737328,1.37637
17560,135905268,1.51486
17570,121394644,1.35052
17580,151722432,1.68947
17590,130381301,1.45373
17600,146297184,1.62508
17610,139575803,1.55398
17620,116162669,1.41329
17630,117658036,1.30955
17640,142204507,1.58365
17650,131888566,1.46771
17660,157720753,1.75531
17670,136072429,1.51758
17680,135475121,1.50738
17690,161995467,1.7977
17700,145405500,1.61508
17710,140379731,1.56101
17720,148462412,1.65412
17730,159459364,1.78722
17740,118353119,1.31899
17750,134088825,1.49922
17760,152748432,1.70121
17770,139687837,1.55849
17780,138462105,1.53917
17790,157312344,1.75107
17800,164563492,1.82723
17810,127830206,1.4276
17820,131356209,1.46186
17830,128569990,1.42778
17840,153187441,1.70038
17850,125631870,1.39953
17860,153303096,1.70431
17870,155000448,1.72339
17880,142515758,1.59083
17890,125607121,1.397
17900,150609884,1.675
17910,125838883,1.39795
17920,145534054,1.61843
17930,124251314,1.3816
17940,133027252,1.47994
17950,165010042,1.83339
17960,159595792,1.77941
17970,143470683,1.60014
17980,149900698,1.66951
17990,134478488,1.50231
18000,148096440,1.65477
18010,156530313,1.74004
18020,146198422,1.62624
18030,134582410,1.50104
18040,133327506,1.49027
18050,153982745,1.71395
18060,171700393,1.93163
18070,146137149,1.63375
18080,135819491,1.51133
18090,155391291,1.73277
18100,155483706,1.72987
18110,163576764,1.86299
18120,146874559,1.63354
18130,130787644,1.45533
18140,158819328,1.77153
18150,160497909,1.78491
18160,157797688,1.76623
18170,145022764,1.68395
18180,140917543,1.57379
18190,155553604,1.74802
18200,124231744,1.38405
18210,146360325,1.63139
18220,139712053,1.5593
18230,158016546,1.7664
18240,131448748,1.46303
18250,156479515,1.74034
18260,142131092,1.58171
18270,165765537,1.84581
18280,155063390,1.72375
18290,146224892,1.62615
18300,147969774,1.64777
18310,123136214,1.37584
18320,157416432,1.75089
18330,151601197,1.68843
18340,124030852,1.38704
18350,156679640,1.77751
18360,168665608,1.88813
18370,144312883,1.60999
18380,148356375,1.65006
18390,161330688,1.79242
18400,141911104,1.58971
18410,150239223,1.69526
18420,134242012,1.50598
18430,171156092,1.9247
18440,150983769,1.70514
18450,156386628,1.75689
18460,143315686,1.6055
18470,154298010,1.75825
18480,174292272,1.93887
18490,165306516,1.83843
18500,140692500,1.56901
18510,146928307,1.65141
18520,152226251,1.70206
18530,152284728,1.70215
18540,173566288,1.92956
18550,165894134,1.84411
18560,174754278,1.94364
18570,162498642,1.81031
18580,154439932,1.71793
18590,155484157,1.73829
18600,169292364,1.88767
18610,129979311,1.45801
18620,169744016,1.88227
18630,158082256,1.7615
18640,168713249,1.87389
18650,155091162,1.73597
18660,164793550,1.8316
18670,163078716,1.81679
18680,165665448,1.8552
18690,165701428,1.84521
18700,156103486,1.7416
18710,167540566,1.8611
18720,156046924,1.73589
18730,167570567,1.86926
18740,172999809,1.92101
18750,163974750,1.82364
18760,167492281,1.85955
18770,165808549,1.84532
18780,162024074,1.79957
18790,175320095,1.94435
18800,151130568,1.68397
18810,168844203,1.87937
18820,161262934,1.7931
18830,161011187,1.79428
18840,158758651,1.7866
18850,178062378,1.99
18860,165520263,1.84114
18870,186389179,2.08184
18880,156072652,1.74046
18890,166669870,1.85724
18900,164010042,1.83009
18910,182850245,2.03274
18920,144975635,1.61217
18930,160278038,1.78823
18940,167472025,1.8652
18950,179256009,1.99993
18960,163668787,1.8172
18970,154946580,1.72175
18980,185909100,2.06335
18990,158633344,1.78591
19000,144838140,1.62868
19010,141684191,1.59965
19020,167942796,1.91355
19030,169965303,1.89653
19040,144288166,1.61003
19050,137475849,1.54216
19060,180289302,2.0238
19070,188163690,2.09984
19080,144475668,1.62294
19090,182139980,2.03777
19100,150544672,1.68285
19110,184547945,2.07464
19120,164176556,1.84346
19130,173783424,1.9653
19140,171938065,1.92416
19150,152554645,1.69655
19160,142061820,1.59032
19170,156806766,1.74744
19180,159200521,1.78943
19190,178286230,2.00974
19200,174392832,1.95297
19210,188575349,2.09796
19220,160371295,1.79763
19230,182916913,2.04993
19240,188293414,2.1172
19250,161305760,1.80323
19260,189992196,2.12939
19270,178289123,2.00555
19280,188114188,2.10824
19290,141283432,1.58623
19300,175834966,1.96694
19310,183000870,2.03779
19320,147194056,1.65253
19330,173080046,1.93203
19340,174167530,1.9628
19350,155677329,1.74009
19360,168357657,1.88752
19370,168725871,1.88373
19380,140478255,1.57445
19390,185463411,2.07809
19400,146791264,1.64839
19410,189978868,2.11803
19420,178291136,1.98788
19430,151923558,1.7218
19440,157287096,1.77778
19450,170633294,1.89771
19460,187056914,2.09428
19470,181748556,2.02407
19480,154987165,1.72307
19490,158017124,1.75974
19500,185265990,2.06109
19510,174285171,1.94465
19520,179798329,1.99575
19530,158342209,1.76758
19540,182361739,2.02794
19550,170317254,1.90342
19560,167475067,1.86418
19570,199234342,2.21718
19580,170118088,1.8964
19590,154309646,1.71764
19600,176979376,1.96684
19610,164870290,1.87524
19620,150696903,1.69391
19630,151834909,1.70596
19640,183307976,2.04684
19650,150185343,1.68308
19660,175534310,1.96051
19670,146814126,1.78107
19680,160452220,1.7864
19690,164399292,1.82931
19700,159822948,1.78395
19710,190842075,2.14412
